Station_Name,Lat,Lon,Elev,Year,Month,Day,Solar radiation in W/m2,Wind speed in m/s,Rainfall in mm
KADUHA_AWS,-2.32,29.53,1885,2018,1,1,180.91,1.13,0.2
KADUHA_AWS,-2.32,29.53,1885,2018,1,2,120.28,0.91,5.8
KADUHA_AWS,-2.32,29.53,1885,2018,1,3,154.84,0.94,2.6
KADUHA_AWS,-2.32,29.53,1885,2018,1,4,134.49,0.83,1.2
KADUHA_AWS,-2.32,29.53,1885,2018,1,5,130.8,1.22,1.4
KADUHA_AWS,-2.32,29.53,1885,2018,1,6,174.06,1.47,0.2
KADUHA_AWS,-2.32,29.53,1885,2018,1,7,202.97,1.2,0.2
KADUHA_AWS,-2.32,29.53,1885,2018,1,8,196.91,1.66,0
KADUHA_AWS,-2.32,29.53,1885,2018,1,9,44.9,0.92,0
KADUHA_AWS,-2.32,29.53,1885,2018,1,10,161.75,1,0
KADUHA_AWS,-2.32,29.53,1885,2018,1,11,116.11,0.84,0
KADUHA_AWS,-2.32,29.53,1885,2018,1,12,93.37,0.95,0
KADUHA_AWS,-2.32,29.53,1885,2018,1,13,98,0.93,0
KADUHA_AWS,-2.32,29.53,1885,2018,1,14,182.64,1.15,0
KADUHA_AWS,-2.32,29.53,1885,2018,1,15,10.51,1.48,0.2
KADUHA_AWS,-2.32,29.53,1885,2018,1,16,285.21,1.24,0.2
KADUHA_AWS,-2.32,29.53,1885,2018,1,17,207.23,1.25,0.2
KADUHA_AWS,-2.32,29.53,1885,2018,1,18,202.45,1.18,0.4
KADUHA_AWS,-2.32,29.53,1885,2018,1,19,196.82,1.2,0
KADUHA_AWS,-2.32,29.53,1885,2018,1,20,125.03,1.34,0.2
KADUHA_AWS,-2.32,29.53,1885,2018,1,21,187.07,1.01,0
KADUHA_AWS,-2.32,29.53,1885,2018,1,22,228.37,0.93,0
KADUHA_AWS,-2.32,29.53,1885,2018,1,23,216.26,1.31,0
KADUHA_AWS,-2.32,29.53,1885,2018,1,24,149.02,1.02,0
KADUHA_AWS,-2.32,29.53,1885,2018,1,25,220.68,1.02,0
KADUHA_AWS,-2.32,29.53,1885,2018,1,26,279.79,1.18,0
KADUHA_AWS,-2.32,29.53,1885,2018,1,27,163.58,1.09,0
KADUHA_AWS,-2.32,29.53,1885,2018,1,28,221.47,1.06,0
KADUHA_AWS,-2.32,29.53,1885,2018,1,29,187.42,0.89,0
KADUHA_AWS,-2.32,29.53,1885,2018,1,30,108.57,0.9,0
KADUHA_AWS,-2.32,29.53,1885,2018,1,31,232.77,1.15,0
KADUHA_AWS,-2.32,29.53,1885,2018,2,1,146.47,0.74,45.8
KADUHA_AWS,-2.32,29.53,1885,2018,2,2,229.5,1.26,8.2
KADUHA_AWS,-2.32,29.53,1885,2018,2,3,50.07,0.57,0
KADUHA_AWS,-2.32,29.53,1885,2018,2,16,308.23,1.93,0
KADUHA_AWS,-2.32,29.53,1885,2018,2,17,239.08,1.64,0
KADUHA_AWS,-2.32,29.53,1885,2018,2,18,202.23,1.69,0
KADUHA_AWS,-2.32,29.53,1885,2018,2,19,192.52,1.27,27.8
KADUHA_AWS,-2.32,29.53,1885,2018,3,2,22.68,0.73,1.4
KADUHA_AWS,-2.32,29.53,1885,2018,3,3,129.35,0.99,0.8
KADUHA_AWS,-2.32,29.53,1885,2018,3,4,276.12,1.39,4.8
KADUHA_AWS,-2.32,29.53,1885,2018,3,5,242.99,0.95,8
KADUHA_AWS,-2.32,29.53,1885,2018,3,12,24.01,1.74,0
KADUHA_AWS,-2.32,29.53,1885,2018,3,13,145.07,0.95,0
KADUHA_AWS,-2.32,29.53,1885,2018,3,14,360.34,0.95,0
KADUHA_AWS,-2.32,29.53,1885,2018,3,15,89.77,1.37,0
KADUHA_AWS,-2.32,29.53,1885,2018,3,19,41.79,0.58,0
KADUHA_AWS,-2.32,29.53,1885,2018,3,20,137.82,0.43,0.2
KADUHA_AWS,-2.32,29.53,1885,2018,3,21,143.24,0.75,9.6
KADUHA_AWS,-2.32,29.53,1885,2018,3,22,136.23,0.19,0.2
KADUHA_AWS,-2.32,29.53,1885,2018,3,23,329.71,1.49,0.2
KADUHA_AWS,-2.32,29.53,1885,2018,3,24,81.39,0.88,0
KADUHA_AWS,-2.32,29.53,1885,2018,3,25,214.63,0.96,3.6
KADUHA_AWS,-2.32,29.53,1885,2018,3,26,232.07,1.02,0
KADUHA_AWS,-2.32,29.53,1885,2018,3,27,174.26,1.4,0
KADUHA_AWS,-2.32,29.53,1885,2018,3,28,147.96,1.05,2
KADUHA_AWS,-2.32,29.53,1885,2018,3,29,252.43,0.95,0
KADUHA_AWS,-2.32,29.53,1885,2018,3,30,220.68,0.78,3
KADUHA_AWS,-2.32,29.53,1885,2018,3,31,141.82,0.83,0
KADUHA_AWS,-2.32,29.53,1885,2018,4,1,230.58,1.3,1.4
KADUHA_AWS,-2.32,29.53,1885,2018,4,2,274.52,0.77,0.2
KADUHA_AWS,-2.32,29.53,1885,2018,4,3,217.44,1.32,2
KADUHA_AWS,-2.32,29.53,1885,2018,4,4,42.36,0.02,0.4
KADUHA_AWS,-2.32,29.53,1885,2018,4,8,107.07,1.62,6.8
KADUHA_AWS,-2.32,29.53,1885,2018,4,9,108.96,0.62,0
KADUHA_AWS,-2.32,29.53,1885,2018,4,10,234.35,0.69,0
KADUHA_AWS,-2.32,29.53,1885,2018,4,11,142.79,1.07,12.4
KADUHA_AWS,-2.32,29.53,1885,2018,4,12,161.71,0.91,4
KADUHA_AWS,-2.32,29.53,1885,2018,4,13,145.95,0.71,2
KADUHA_AWS,-2.32,29.53,1885,2018,4,14,121.91,0.65,0
KADUHA_AWS,-2.32,29.53,1885,2018,4,15,230.87,0.28,0
KADUHA_AWS,-2.32,29.53,1885,2018,4,16,122.81,0.41,2.8
KADUHA_AWS,-2.32,29.53,1885,2018,4,17,88.16,0.74,3.4
KADUHA_AWS,-2.32,29.53,1885,2018,4,18,194.48,0.58,0.2
KADUHA_AWS,-2.32,29.53,1885,2018,4,19,200.18,0.93,3.6
KADUHA_AWS,-2.32,29.53,1885,2018,4,20,103.88,0.73,1
KADUHA_AWS,-2.32,29.53,1885,2018,4,21,58.49,0.47,9
KADUHA_AWS,-2.32,29.53,1885,2018,4,22,110.93,0.51,0.2
KADUHA_AWS,-2.32,29.53,1885,2018,4,23,246.84,0.31,0
KADUHA_AWS,-2.32,29.53,1885,2018,4,26,108.2,0.83,7
KADUHA_AWS,-2.32,29.53,1885,2018,4,27,256.04,1.15,0
KADUHA_AWS,-2.32,29.53,1885,2018,4,28,40,0.67,0
KADUHA_AWS,-2.32,29.53,1885,2018,4,29,122.61,0.71,9.8
KADUHA_AWS,-2.32,29.53,1885,2018,4,30,158.97,0.99,6.6
KADUHA_AWS,-2.32,29.53,1885,2018,5,1,177.46,1.18,15.2
KADUHA_AWS,-2.32,29.53,1885,2018,5,2,146.14,1.13,1
KADUHA_AWS,-2.32,29.53,1885,2018,5,3,237.25,1.56,0
KADUHA_AWS,-2.32,29.53,1885,2018,5,4,167.41,1.54,0
KADUHA_AWS,-2.32,29.53,1885,2018,5,5,156.5,1.04,16
KADUHA_AWS,-2.32,29.53,1885,2018,5,6,244.37,1.13,0.2
KADUHA_AWS,-2.32,29.53,1885,2018,5,7,111.82,0.89,12.8
KADUHA_AWS,-2.32,29.53,1885,2018,5,8,151.43,1.15,5
KADUHA_AWS,-2.32,29.53,1885,2018,5,9,263.53,1.48,0
KADUHA_AWS,-2.32,29.53,1885,2018,5,10,121.08,1.1,7
KADUHA_AWS,-2.32,29.53,1885,2018,5,11,172.39,1.32,10.4
KADUHA_AWS,-2.32,29.53,1885,2018,5,12,141.54,0.98,0.6
KADUHA_AWS,-2.32,29.53,1885,2018,5,13,343.98,1.43,0
KADUHA_AWS,-2.32,29.53,1885,2018,5,14,191.94,0.97,4
KADUHA_AWS,-2.32,29.53,1885,2018,5,15,54.87,0.9,24.8
KADUHA_AWS,-2.32,29.53,1885,2018,5,16,279.39,1.31,2.6
KADUHA_AWS,-2.32,29.53,1885,2018,5,17,172.26,0.03,0
KADUHA_AWS,-2.32,29.53,1885,2018,5,18,280.99,0,0.2
KADUHA_AWS,-2.32,29.53,1885,2018,5,19,126.51,0,1.6
KADUHA_AWS,-2.32,29.53,1885,2018,5,20,230.89,0,0
KADUHA_AWS,-2.32,29.53,1885,2018,5,21,159.06,0,3
KADUHA_AWS,-2.32,29.53,1885,2018,5,22,138.61,0,4
KADUHA_AWS,-2.32,29.53,1885,2018,5,23,182.61,0,1.2
KADUHA_AWS,-2.32,29.53,1885,2018,5,24,139.01,0,1.2
KADUHA_AWS,-2.32,29.53,1885,2018,5,25,195.43,0,0
KADUHA_AWS,-2.32,29.53,1885,2018,5,26,178.03,0,0
KADUHA_AWS,-2.32,29.53,1885,2018,5,27,120.52,0,0
KADUHA_AWS,-2.32,29.53,1885,2018,5,28,188.17,0,0
KADUHA_AWS,-2.32,29.53,1885,2018,5,29,272,0,0
KADUHA_AWS,-2.32,29.53,1885,2018,5,30,297.94,0,0
KADUHA_AWS,-2.32,29.53,1885,2018,6,1,348.33,0,0
KADUHA_AWS,-2.32,29.53,1885,2018,6,2,182.5,0,0
KADUHA_AWS,-2.32,29.53,1885,2018,6,3,193.4,0,0
KADUHA_AWS,-2.32,29.53,1885,2018,6,4,157.95,0,4.4
KADUHA_AWS,-2.32,29.53,1885,2018,6,5,254.42,0,2.6
KADUHA_AWS,-2.32,29.53,1885,2018,6,6,253.2,0,0
KADUHA_AWS,-2.32,29.53,1885,2018,6,7,258.06,0,0.2
KADUHA_AWS,-2.32,29.53,1885,2018,6,8,178.99,0,0
KADUHA_AWS,-2.32,29.53,1885,2018,6,9,317.08,0,0
KADUHA_AWS,-2.32,29.53,1885,2018,6,10,284.82,0,0
KADUHA_AWS,-2.32,29.53,1885,2018,6,11,295.31,0,0
KADUHA_AWS,-2.32,29.53,1885,2018,6,12,346.3,0,0
KADUHA_AWS,-2.32,29.53,1885,2018,6,13,265.62,0,0
KADUHA_AWS,-2.32,29.53,1885,2018,6,14,186.81,0,0
KADUHA_AWS,-2.32,29.53,1885,2018,6,15,278.97,0,0
KADUHA_AWS,-2.32,29.53,1885,2018,6,16,355,0,0
KADUHA_AWS,-2.32,29.53,1885,2018,6,17,225.91,0,0
KADUHA_AWS,-2.32,29.53,1885,2018,6,18,272.52,0,0
KADUHA_AWS,-2.32,29.53,1885,2018,6,19,186.53,0,0
KADUHA_AWS,-2.32,29.53,1885,2018,6,20,150.97,0,0
KADUHA_AWS,-2.32,29.53,1885,2018,6,21,128.57,0,3.6
KADUHA_AWS,-2.32,29.53,1885,2018,6,22,122.81,0,0.4
KADUHA_AWS,-2.32,29.53,1885,2018,6,23,258.92,0,0
KADUHA_AWS,-2.32,29.53,1885,2018,6,24,234.4,0,0
KADUHA_AWS,-2.32,29.53,1885,2018,6,25,241.59,0,0
KADUHA_AWS,-2.32,29.53,1885,2018,6,26,232.03,0,0
KADUHA_AWS,-2.32,29.53,1885,2018,6,27,238.59,0,0
KADUHA_AWS,-2.32,29.53,1885,2018,6,28,250.36,0,0
KADUHA_AWS,-2.32,29.53,1885,2018,6,29,141.13,0,0
KADUHA_AWS,-2.32,29.53,1885,2018,6,30,212.41,0,0
KADUHA_AWS,-2.32,29.53,1885,2018,7,1,287.59,0,0
KADUHA_AWS,-2.32,29.53,1885,2018,7,2,269.54,0,0
KADUHA_AWS,-2.32,29.53,1885,2018,7,3,299.74,0,0
KADUHA_AWS,-2.32,29.53,1885,2018,7,5,362.65,0,0
KADUHA_AWS,-2.32,29.53,1885,2018,7,6,185.79,0,0
KADUHA_AWS,-2.32,29.53,1885,2018,7,7,212.69,0,0
KADUHA_AWS,-2.32,29.53,1885,2018,7,8,293.58,0,0
KADUHA_AWS,-2.32,29.53,1885,2018,7,9,272.59,0,0
KADUHA_AWS,-2.32,29.53,1885,2018,7,10,256.9,0,0
KADUHA_AWS,-2.32,29.53,1885,2018,7,11,200.1,0,0
KADUHA_AWS,-2.32,29.53,1885,2018,7,12,272.79,0,0
KADUHA_AWS,-2.32,29.53,1885,2018,7,17,279.71,0,0
KADUHA_AWS,-2.32,29.53,1885,2018,7,18,247.25,0,0
KADUHA_AWS,-2.32,29.53,1885,2018,7,19,217.38,0,0
KADUHA_AWS,-2.32,29.53,1885,2018,7,20,284.02,0,0
KADUHA_AWS,-2.32,29.53,1885,2018,7,21,277.97,0,0
KADUHA_AWS,-2.32,29.53,1885,2018,7,22,233.3,0,0
KADUHA_AWS,-2.32,29.53,1885,2018,7,23,215.76,0,0
KADUHA_AWS,-2.32,29.53,1885,2018,7,24,227.79,0,0
KADUHA_AWS,-2.32,29.53,1885,2018,7,25,209.64,0,0
KADUHA_AWS,-2.32,29.53,1885,2018,7,26,173.73,0,0
KADUHA_AWS,-2.32,29.53,1885,2018,7,27,172.64,0,0
KADUHA_AWS,-2.32,29.53,1885,2018,7,28,267.13,0,0
KADUHA_AWS,-2.32,29.53,1885,2018,7,29,105.6,0,0
KADUHA_AWS,-2.32,29.53,1885,2018,7,30,186.69,0,0
KADUHA_AWS,-2.32,29.53,1885,2018,7,31,136.7,0,2.6
KADUHA_AWS,-2.32,29.53,1885,2018,8,1,175.36,0,1.4
KADUHA_AWS,-2.32,29.53,1885,2018,8,2,195.9,0,4.8
KADUHA_AWS,-2.32,29.53,1885,2018,8,3,228.47,0,0
KADUHA_AWS,-2.32,29.53,1885,2018,8,4,242.96,0,0
KADUHA_AWS,-2.32,29.53,1885,2018,8,5,261.31,0,0
KADUHA_AWS,-2.32,29.53,1885,2018,8,6,194.34,0,0
KADUHA_AWS,-2.32,29.53,1885,2018,8,7,208.14,0,0
KADUHA_AWS,-2.32,29.53,1885,2018,8,8,276.4,0,0
KADUHA_AWS,-2.32,29.53,1885,2018,8,9,289.93,0,0
KADUHA_AWS,-2.32,29.53,1885,2018,8,10,273.43,0,0
KADUHA_AWS,-2.32,29.53,1885,2018,8,11,215.63,0,0
KADUHA_AWS,-2.32,29.53,1885,2018,8,12,248.64,0,0
KADUHA_AWS,-2.32,29.53,1885,2018,8,13,256.89,0,0
KADUHA_AWS,-2.32,29.53,1885,2018,8,14,258.99,0,0
KADUHA_AWS,-2.32,29.53,1885,2018,8,15,251.62,0,0
KADUHA_AWS,-2.32,29.53,1885,2018,8,16,280.79,0,0
KADUHA_AWS,-2.32,29.53,1885,2018,8,17,253.65,0,0
KADUHA_AWS,-2.32,29.53,1885,2018,8,18,192.17,0,0
KADUHA_AWS,-2.32,29.53,1885,2018,8,19,226.4,0,0
KADUHA_AWS,-2.32,29.53,1885,2018,8,20,200.97,0,0
KADUHA_AWS,-2.32,29.53,1885,2018,8,21,167.39,0,0
KADUHA_AWS,-2.32,29.53,1885,2018,8,22,161.46,0,0.8
KADUHA_AWS,-2.32,29.53,1885,2018,8,23,114.83,0,2.2
KADUHA_AWS,-2.32,29.53,1885,2018,8,24,77.21,0,4.2
KADUHA_AWS,-2.32,29.53,1885,2018,8,25,168.26,0,0
KADUHA_AWS,-2.32,29.53,1885,2018,8,26,163.47,0,58.4
KADUHA_AWS,-2.32,29.53,1885,2018,8,27,147.37,0,4
KADUHA_AWS,-2.32,29.53,1885,2018,8,28,195.69,0,12.2
KADUHA_AWS,-2.32,29.53,1885,2018,8,29,82.56,0,1
KADUHA_AWS,-2.32,29.53,1885,2018,8,30,197.28,0,0
KADUHA_AWS,-2.32,29.53,1885,2018,8,31,274.66,0,0
KADUHA_AWS,-2.32,29.53,1885,2018,9,1,252.53,0,0
KADUHA_AWS,-2.32,29.53,1885,2018,9,2,242.6,0,0
KADUHA_AWS,-2.32,29.53,1885,2018,9,3,270.98,0,0
KADUHA_AWS,-2.32,29.53,1885,2018,9,4,169.58,0,1.4
KADUHA_AWS,-2.32,29.53,1885,2018,9,5,146.24,0,3.2
KADUHA_AWS,-2.32,29.53,1885,2018,9,6,219.79,0,0.2
KADUHA_AWS,-2.32,29.53,1885,2018,9,7,196.68,0,0
KADUHA_AWS,-2.32,29.53,1885,2018,9,8,269.51,0,1
KADUHA_AWS,-2.32,29.53,1885,2018,9,9,220.5,0,4
KADUHA_AWS,-2.32,29.53,1885,2018,9,10,255.89,0,0.2
KADUHA_AWS,-2.32,29.53,1885,2018,9,11,196.8,0,4.6
KADUHA_AWS,-2.32,29.53,1885,2018,9,12,237.04,0,0
KADUHA_AWS,-2.32,29.53,1885,2018,9,13,143.05,0,10
KADUHA_AWS,-2.32,29.53,1885,2018,9,14,223.34,0,0.6
KADUHA_AWS,-2.32,29.53,1885,2018,9,15,255.54,0,0.2
KADUHA_AWS,-2.32,29.53,1885,2018,9,16,249.29,0,0
KADUHA_AWS,-2.32,29.53,1885,2018,9,17,264.62,0,0.2
KADUHA_AWS,-2.32,29.53,1885,2018,9,18,243.38,0,0
KADUHA_AWS,-2.32,29.53,1885,2018,9,19,210.97,0,0
KADUHA_AWS,-2.32,29.53,1885,2018,9,20,125.89,0,6.2
KADUHA_AWS,-2.32,29.53,1885,2018,9,21,264.91,0,0
KADUHA_AWS,-2.32,29.53,1885,2018,9,22,385.72,0,0
KADUHA_AWS,-2.32,29.53,1885,2018,9,23,758.95,0,0
KADUHA_AWS,-2.32,29.53,1885,2018,9,24,335.72,0,0
KADUHA_AWS,-2.32,29.53,1885,2018,9,25,268.58,0,0
KADUHA_AWS,-2.32,29.53,1885,2018,9,26,296.65,0,6.4
KADUHA_AWS,-2.32,29.53,1885,2018,9,27,282.42,0,0
KADUHA_AWS,-2.32,29.53,1885,2018,9,28,148.71,0,0.2
KADUHA_AWS,-2.32,29.53,1885,2018,9,29,207.47,0,0
KADUHA_AWS,-2.32,29.53,1885,2018,9,30,224.5,0,0
KADUHA_AWS,-2.32,29.53,1885,2018,10,1,251.82,0,0
KADUHA_AWS,-2.32,29.53,1885,2018,10,2,197.41,0,0
KADUHA_AWS,-2.32,29.53,1885,2018,10,3,143.75,0,0
KADUHA_AWS,-2.32,29.53,1885,2018,10,4,225.86,0,0
KADUHA_AWS,-2.32,29.53,1885,2018,10,5,218.46,0,0
KADUHA_AWS,-2.32,29.53,1885,2018,10,6,223.48,0,0
KADUHA_AWS,-2.32,29.53,1885,2018,10,7,285.09,0,0
KADUHA_AWS,-2.32,29.53,1885,2018,10,8,192,0,1.2
KADUHA_AWS,-2.32,29.53,1885,2018,10,9,259.19,0,0
KADUHA_AWS,-2.32,29.53,1885,2018,10,10,75.32,0,12
KADUHA_AWS,-2.32,29.53,1885,2018,10,11,159.82,0,0.2
KADUHA_AWS,-2.32,29.53,1885,2018,10,12,224.9,0,0
KADUHA_AWS,-2.32,29.53,1885,2018,10,13,183.35,0,23.4
KADUHA_AWS,-2.32,29.53,1885,2018,10,14,165.17,0,2.2
KADUHA_AWS,-2.32,29.53,1885,2018,10,15,231.79,0,7.8
KADUHA_AWS,-2.32,29.53,1885,2018,10,16,232.25,0,6.6
KADUHA_AWS,-2.32,29.53,1885,2018,10,17,161.13,0,4
KADUHA_AWS,-2.32,29.53,1885,2018,10,18,199.48,0,1.4
KADUHA_AWS,-2.32,29.53,1885,2018,10,19,161.03,0,0.8
KADUHA_AWS,-2.32,29.53,1885,2018,10,20,246.93,0,0
KADUHA_AWS,-2.32,29.53,1885,2018,10,21,233.74,0,0
KADUHA_AWS,-2.32,29.53,1885,2018,10,22,289.71,0,0
KADUHA_AWS,-2.32,29.53,1885,2018,10,23,151.13,0,0
KADUHA_AWS,-2.32,29.53,1885,2018,10,24,218.72,0,0
KADUHA_AWS,-2.32,29.53,1885,2018,10,25,112.17,0,0.2
KADUHA_AWS,-2.32,29.53,1885,2018,10,26,122.06,0,0.2
KADUHA_AWS,-2.32,29.53,1885,2018,10,27,135.11,0,9.2
KADUHA_AWS,-2.32,29.53,1885,2018,10,28,221.15,0,0.6
KADUHA_AWS,-2.32,29.53,1885,2018,10,29,200.57,0,0
KADUHA_AWS,-2.32,29.53,1885,2018,10,30,143.42,0,25.8
KADUHA_AWS,-2.32,29.53,1885,2018,10,31,213.56,0,2.4
KADUHA_AWS,-2.32,29.53,1885,2018,11,1,192.25,0,3.2
KADUHA_AWS,-2.32,29.53,1885,2018,11,2,144.77,0,20
KADUHA_AWS,-2.32,29.53,1885,2018,11,3,138.12,0,3.6
KADUHA_AWS,-2.32,29.53,1885,2018,11,4,146.17,0,3.6
KADUHA_AWS,-2.32,29.53,1885,2018,11,5,233.77,0,0
KADUHA_AWS,-2.32,29.53,1885,2018,11,6,255.26,0,7.6
KADUHA_AWS,-2.32,29.53,1885,2018,11,7,168.04,0,8.4
KADUHA_AWS,-2.32,29.53,1885,2018,11,8,265.21,0,5.2
KADUHA_AWS,-2.32,29.53,1885,2018,11,9,190.18,0,2
KADUHA_AWS,-2.32,29.53,1885,2018,11,10,163.52,0,0.4
KADUHA_AWS,-2.32,29.53,1885,2018,11,11,183.61,0,2.2
KADUHA_AWS,-2.32,29.53,1885,2018,11,12,257.35,0,0
KADUHA_AWS,-2.32,29.53,1885,2018,11,13,166.99,0,1.4
KADUHA_AWS,-2.32,29.53,1885,2018,11,14,215.7,0,0
KADUHA_AWS,-2.32,29.53,1885,2018,11,19,109.6,0,0
KADUHA_AWS,-2.32,29.53,1885,2018,11,20,182.48,0,0
KADUHA_AWS,-2.32,29.53,1885,2018,11,21,151.43,0,0
KADUHA_AWS,-2.32,29.53,1885,2018,11,22,138.75,0,0.4
KADUHA_AWS,-2.32,29.53,1885,2018,11,23,185.47,0,1.8
KADUHA_AWS,-2.32,29.53,1885,2018,11,24,73.61,0,15.4
KADUHA_AWS,-2.32,29.53,1885,2018,11,25,205.42,0,6.2
KADUHA_AWS,-2.32,29.53,1885,2018,11,26,265.16,0,0
KADUHA_AWS,-2.32,29.53,1885,2018,11,27,185.44,0,0
KADUHA_AWS,-2.32,29.53,1885,2018,11,28,219.8,0,0
KADUHA_AWS,-2.32,29.53,1885,2018,11,29,188.09,0,0
KADUHA_AWS,-2.32,29.53,1885,2018,11,30,238.78,0,4.8
KADUHA_AWS,-2.32,29.53,1885,2018,12,1,120.96,0,0.2
KADUHA_AWS,-2.32,29.53,1885,2018,12,2,214.07,0,0
KADUHA_AWS,-2.32,29.53,1885,2018,12,3,200.45,0,0.6
KADUHA_AWS,-2.32,29.53,1885,2018,12,4,175.54,0,0.4
KADUHA_AWS,-2.32,29.53,1885,2018,12,5,161.39,0,4.2
KADUHA_AWS,-2.32,29.53,1885,2018,12,6,220.11,1.67,0.2
KADUHA_AWS,-2.32,29.53,1885,2018,12,7,170,1.23,2.2
KADUHA_AWS,-2.32,29.53,1885,2018,12,8,107.63,1.42,2.6
KADUHA_AWS,-2.32,29.53,1885,2018,12,9,103.24,1.07,9.6
KADUHA_AWS,-2.32,29.53,1885,2018,12,10,112.98,0.71,0.2
KADUHA_AWS,-2.32,29.53,1885,2018,12,11,83.85,0.65,26.4
KADUHA_AWS,-2.32,29.53,1885,2018,12,12,178.56,0.71,7.2
KADUHA_AWS,-2.32,29.53,1885,2018,12,13,153.34,0.75,18.2
KADUHA_AWS,-2.32,29.53,1885,2018,12,14,272.83,1.25,0
KADUHA_AWS,-2.32,29.53,1885,2018,12,15,146.47,1.05,9.8
KADUHA_AWS,-2.32,29.53,1885,2018,12,16,180.33,0.11,0
KADUHA_AWS,-2.32,29.53,1885,2018,12,17,232.46,1.38,4.2
KADUHA_AWS,-2.32,29.53,1885,2018,12,18,255.02,1.36,1
KADUHA_AWS,-2.32,29.53,1885,2018,12,19,164.7,1.01,3.6
KADUHA_AWS,-2.32,29.53,1885,2018,12,20,175.69,0.8,7.8
KADUHA_AWS,-2.32,29.53,1885,2018,12,21,205.98,1.07,4.6
KADUHA_AWS,-2.32,29.53,1885,2018,12,22,158.75,0.92,2
KADUHA_AWS,-2.32,29.53,1885,2018,12,23,168.85,1.05,2
KADUHA_AWS,-2.32,29.53,1885,2018,12,24,142.5,0.75,6.6
KADUHA_AWS,-2.32,29.53,1885,2018,12,25,186.74,1.05,0.8
KADUHA_AWS,-2.32,29.53,1885,2018,12,26,256.18,0.16,0
KADUHA_AWS,-2.32,29.53,1885,2018,12,27,271.53,0,3.8
KADUHA_AWS,-2.32,29.53,1885,2018,12,28,151.89,0,0.2
KADUHA_AWS,-2.32,29.53,1885,2018,12,29,241.13,0,4.2
KADUHA_AWS,-2.32,29.53,1885,2018,12,30,196.41,0,0.2
KADUHA_AWS,-2.32,29.53,1885,2018,12,31,134.12,0,11.2
RUTSIRO_AWS,-1.96,29.39,1970,2018,1,1,122.31,3.98,0.8
RUTSIRO_AWS,-1.96,29.39,1970,2018,1,2,160.51,2.61,1
RUTSIRO_AWS,-1.96,29.39,1970,2018,1,3,81.81,2.19,0.6
RUTSIRO_AWS,-1.96,29.39,1970,2018,1,4,218.96,2.59,1.4
RUTSIRO_AWS,-1.96,29.39,1970,2018,1,5,146.75,3.03,2.2
RUTSIRO_AWS,-1.96,29.39,1970,2018,1,6,117.25,3.05,2.2
RUTSIRO_AWS,-1.96,29.39,1970,2018,1,7,130.28,3.07,2.2
RUTSIRO_AWS,-1.96,29.39,1970,2018,1,8,165.98,4.99,2.4
RUTSIRO_AWS,-1.96,29.39,1970,2018,1,9,74.54,2.28,2.4
RUTSIRO_AWS,-1.96,29.39,1970,2018,1,10,138.3,3.18,1.8
RUTSIRO_AWS,-1.96,29.39,1970,2018,1,11,115.45,2.2,2.6
RUTSIRO_AWS,-1.96,29.39,1970,2018,1,12,75.82,2.34,2
RUTSIRO_AWS,-1.96,29.39,1970,2018,1,13,73.5,2.47,2
RUTSIRO_AWS,-1.96,29.39,1970,2018,1,14,152.75,2.92,1.4
RUTSIRO_AWS,-1.96,29.39,1970,2018,1,15,10.87,2.61,0.4
RUTSIRO_AWS,-1.96,29.39,1970,2018,1,16,274.43,4.14,0.8
RUTSIRO_AWS,-1.96,29.39,1970,2018,1,17,173.4,3.31,2
RUTSIRO_AWS,-1.96,29.39,1970,2018,1,18,196.32,2.32,1.6
RUTSIRO_AWS,-1.96,29.39,1970,2018,1,19,100.24,3.75,1.6
RUTSIRO_AWS,-1.96,29.39,1970,2018,1,20,118.62,4.04,1.6
RUTSIRO_AWS,-1.96,29.39,1970,2018,1,21,211.82,3.69,1.8
RUTSIRO_AWS,-1.96,29.39,1970,2018,1,22,160.44,2.82,1.4
RUTSIRO_AWS,-1.96,29.39,1970,2018,1,23,137.73,3.24,1.6
RUTSIRO_AWS,-1.96,29.39,1970,2018,1,24,138.07,2.47,1.4
RUTSIRO_AWS,-1.96,29.39,1970,2018,1,25,132.79,3.33,1.2
RUTSIRO_AWS,-1.96,29.39,1970,2018,1,26,196.69,3.48,1.2
RUTSIRO_AWS,-1.96,29.39,1970,2018,1,27,129.39,2.91,1
RUTSIRO_AWS,-1.96,29.39,1970,2018,1,28,222.03,3.03,0.8
RUTSIRO_AWS,-1.96,29.39,1970,2018,1,29,169.79,3.15,1.2
RUTSIRO_AWS,-1.96,29.39,1970,2018,1,30,101.95,2.18,1.2
RUTSIRO_AWS,-1.96,29.39,1970,2018,1,31,119.58,2.56,1.2
RUTSIRO_AWS,-1.96,29.39,1970,2018,2,1,143.39,3.31,1.2
RUTSIRO_AWS,-1.96,29.39,1970,2018,2,2,143.68,2.97,1.4
RUTSIRO_AWS,-1.96,29.39,1970,2018,2,3,51.22,1.65,0.6
RUTSIRO_AWS,-1.96,29.39,1970,2018,2,16,354.49,5.05,1.4
RUTSIRO_AWS,-1.96,29.39,1970,2018,2,17,247.61,4.24,1.8
RUTSIRO_AWS,-1.96,29.39,1970,2018,2,18,151.95,3.69,1.8
RUTSIRO_AWS,-1.96,29.39,1970,2018,2,19,192.22,2.97,1
RUTSIRO_AWS,-1.96,29.39,1970,2018,3,2,57.3,3.56,0
RUTSIRO_AWS,-1.96,29.39,1970,2018,3,3,156.97,3.07,0
RUTSIRO_AWS,-1.96,29.39,1970,2018,3,4,276.9,3.05,0
RUTSIRO_AWS,-1.96,29.39,1970,2018,3,5,206.16,2.34,0
RUTSIRO_AWS,-1.96,29.39,1970,2018,3,12,267.78,2.92,0
RUTSIRO_AWS,-1.96,29.39,1970,2018,3,13,87.59,2.4,0
RUTSIRO_AWS,-1.96,29.39,1970,2018,3,14,75.24,1.68,0
RUTSIRO_AWS,-1.96,29.39,1970,2018,3,15,55.99,1.54,0.4
RUTSIRO_AWS,-1.96,29.39,1970,2018,3,19,71.78,2.18,0
RUTSIRO_AWS,-1.96,29.39,1970,2018,3,20,53,1.3,0
RUTSIRO_AWS,-1.96,29.39,1970,2018,3,21,48.86,1.61,5.8
RUTSIRO_AWS,-1.96,29.39,1970,2018,3,22,169.6,5.2,0
RUTSIRO_AWS,-1.96,29.39,1970,2018,3,23,345.91,3.82,0
RUTSIRO_AWS,-1.96,29.39,1970,2018,3,24,299.62,3.67,0
RUTSIRO_AWS,-1.96,29.39,1970,2018,3,25,250.57,4.54,4
RUTSIRO_AWS,-1.96,29.39,1970,2018,3,26,219.41,3.87,0
RUTSIRO_AWS,-1.96,29.39,1970,2018,3,27,202.6,5.01,1
RUTSIRO_AWS,-1.96,29.39,1970,2018,3,28,36.5,3.11,0
RUTSIRO_AWS,-1.96,29.39,1970,2018,3,29,128.15,2.47,0.2
RUTSIRO_AWS,-1.96,29.39,1970,2018,3,30,79,3.45,0.2
RUTSIRO_AWS,-1.96,29.39,1970,2018,3,31,186.84,3.85,3
RUTSIRO_AWS,-1.96,29.39,1970,2018,4,1,125.94,3.89,9.4
RUTSIRO_AWS,-1.96,29.39,1970,2018,4,2,124.73,3.68,3
RUTSIRO_AWS,-1.96,29.39,1970,2018,4,3,78.52,2.26,8
RUTSIRO_AWS,-1.96,29.39,1970,2018,4,4,104.76,2.4,0.6
RUTSIRO_AWS,-1.96,29.39,1970,2018,4,8,59.65,4.01,0.4
RUTSIRO_AWS,-1.96,29.39,1970,2018,4,9,244.42,2.8,0
RUTSIRO_AWS,-1.96,29.39,1970,2018,4,10,162.63,2.34,0
RUTSIRO_AWS,-1.96,29.39,1970,2018,4,11,82.94,2.49,6
RUTSIRO_AWS,-1.96,29.39,1970,2018,4,12,132.7,2.68,6.6
RUTSIRO_AWS,-1.96,29.39,1970,2018,4,13,189.28,1.32,5
RUTSIRO_AWS,-1.96,29.39,1970,2018,4,14,82.27,1.87,2.2
RUTSIRO_AWS,-1.96,29.39,1970,2018,4,15,198.86,2.51,4.8
RUTSIRO_AWS,-1.96,29.39,1970,2018,4,16,176.42,1.94,1.8
RUTSIRO_AWS,-1.96,29.39,1970,2018,4,17,192.73,4.3,3.6
RUTSIRO_AWS,-1.96,29.39,1970,2018,4,18,276.48,3.26,0
RUTSIRO_AWS,-1.96,29.39,1970,2018,4,19,135.37,2.13,0
RUTSIRO_AWS,-1.96,29.39,1970,2018,4,20,119.65,2.26,0
RUTSIRO_AWS,-1.96,29.39,1970,2018,4,21,72.3,2.34,0.6
RUTSIRO_AWS,-1.96,29.39,1970,2018,4,22,195.44,3.16,0.2
RUTSIRO_AWS,-1.96,29.39,1970,2018,4,23,119.05,2.27,0
RUTSIRO_AWS,-1.96,29.39,1970,2018,4,26,93.16,3.32,3.4
RUTSIRO_AWS,-1.96,29.39,1970,2018,4,27,162.41,2.09,19
RUTSIRO_AWS,-1.96,29.39,1970,2018,4,28,74.53,2.35,29
RUTSIRO_AWS,-1.96,29.39,1970,2018,4,29,150.99,3.03,16.4
RUTSIRO_AWS,-1.96,29.39,1970,2018,4,30,146.19,3.51,2.2
RUTSIRO_AWS,-1.96,29.39,1970,2018,5,1,112.2,3.53,0.4
RUTSIRO_AWS,-1.96,29.39,1970,2018,5,2,154.5,6.45,3.8
RUTSIRO_AWS,-1.96,29.39,1970,2018,5,3,159.34,6.21,0
RUTSIRO_AWS,-1.96,29.39,1970,2018,5,4,173.8,6.01,2.2
RUTSIRO_AWS,-1.96,29.39,1970,2018,5,5,183.88,6.17,20.6
RUTSIRO_AWS,-1.96,29.39,1970,2018,5,6,310.51,3.93,18.6
RUTSIRO_AWS,-1.96,29.39,1970,2018,5,7,125.11,3.5,0
RUTSIRO_AWS,-1.96,29.39,1970,2018,5,8,290.89,5.64,0
RUTSIRO_AWS,-1.96,29.39,1970,2018,5,9,247.98,4.84,1
RUTSIRO_AWS,-1.96,29.39,1970,2018,5,10,129.55,4.95,2
RUTSIRO_AWS,-1.96,29.39,1970,2018,5,11,212.91,4.94,8.8
RUTSIRO_AWS,-1.96,29.39,1970,2018,5,12,119.77,3.94,0.6
RUTSIRO_AWS,-1.96,29.39,1970,2018,5,13,178.09,3.98,0
RUTSIRO_AWS,-1.96,29.39,1970,2018,5,14,178.62,5.09,1.2
RUTSIRO_AWS,-1.96,29.39,1970,2018,5,15,81.85,3.99,1
RUTSIRO_AWS,-1.96,29.39,1970,2018,5,16,149.89,1.88,20.8
RUTSIRO_AWS,-1.96,29.39,1970,2018,5,17,259.86,3,0.2
RUTSIRO_AWS,-1.96,29.39,1970,2018,5,18,283.53,3.77,0
RUTSIRO_AWS,-1.96,29.39,1970,2018,5,19,198.25,4.13,0
RUTSIRO_AWS,-1.96,29.39,1970,2018,5,20,147.16,4.17,4
RUTSIRO_AWS,-1.96,29.39,1970,2018,5,21,78.65,3.29,4.6
RUTSIRO_AWS,-1.96,29.39,1970,2018,5,22,117.07,1.76,7.8
RUTSIRO_AWS,-1.96,29.39,1970,2018,5,23,317,4.96,0
RUTSIRO_AWS,-1.96,29.39,1970,2018,5,24,248.26,7.4,0.4
RUTSIRO_AWS,-1.96,29.39,1970,2018,5,25,141.34,3.64,0
RUTSIRO_AWS,-1.96,29.39,1970,2018,5,26,157.59,4.49,0
RUTSIRO_AWS,-1.96,29.39,1970,2018,5,27,236.57,6.46,0
RUTSIRO_AWS,-1.96,29.39,1970,2018,5,28,283.07,7.2,0
RUTSIRO_AWS,-1.96,29.39,1970,2018,5,29,288.34,5.64,0
RUTSIRO_AWS,-1.96,29.39,1970,2018,5,30,262.49,5.69,0
RUTSIRO_AWS,-1.96,29.39,1970,2018,6,1,442.45,6.3,0
RUTSIRO_AWS,-1.96,29.39,1970,2018,6,2,299.88,4.58,0
RUTSIRO_AWS,-1.96,29.39,1970,2018,6,3,184.89,2.91,0
RUTSIRO_AWS,-1.96,29.39,1970,2018,6,4,225.13,3.1,16
RUTSIRO_AWS,-1.96,29.39,1970,2018,6,5,197.81,2.77,1
RUTSIRO_AWS,-1.96,29.39,1970,2018,6,6,211.87,3.88,0
RUTSIRO_AWS,-1.96,29.39,1970,2018,6,7,188.17,2.95,0
RUTSIRO_AWS,-1.96,29.39,1970,2018,6,8,131.11,2.28,1
RUTSIRO_AWS,-1.96,29.39,1970,2018,6,9,254.5,4.32,0
RUTSIRO_AWS,-1.96,29.39,1970,2018,6,10,196.58,3.8,0
RUTSIRO_AWS,-1.96,29.39,1970,2018,6,11,241.08,6.16,0
RUTSIRO_AWS,-1.96,29.39,1970,2018,6,12,429.65,7.07,0
RUTSIRO_AWS,-1.96,29.39,1970,2018,6,13,285.85,6.3,0
RUTSIRO_AWS,-1.96,29.39,1970,2018,6,14,281.01,4.77,0
RUTSIRO_AWS,-1.96,29.39,1970,2018,6,15,331.04,4.07,0
RUTSIRO_AWS,-1.96,29.39,1970,2018,6,16,320.91,3.77,0
RUTSIRO_AWS,-1.96,29.39,1970,2018,6,17,260.22,4.46,0
RUTSIRO_AWS,-1.96,29.39,1970,2018,6,18,238.21,3.34,0
RUTSIRO_AWS,-1.96,29.39,1970,2018,6,19,203.6,3.29,0
RUTSIRO_AWS,-1.96,29.39,1970,2018,6,20,91.56,3.83,0
RUTSIRO_AWS,-1.96,29.39,1970,2018,6,21,129.6,4.25,0
RUTSIRO_AWS,-1.96,29.39,1970,2018,6,22,118.91,3.93,0
RUTSIRO_AWS,-1.96,29.39,1970,2018,6,23,292.52,4.35,0
RUTSIRO_AWS,-1.96,29.39,1970,2018,6,24,215.06,4.9,0
RUTSIRO_AWS,-1.96,29.39,1970,2018,6,25,241.66,5.52,0
RUTSIRO_AWS,-1.96,29.39,1970,2018,6,26,260.96,9.98,0
RUTSIRO_AWS,-1.96,29.39,1970,2018,6,27,263.42,6.47,0
RUTSIRO_AWS,-1.96,29.39,1970,2018,6,28,260.22,5.13,0
RUTSIRO_AWS,-1.96,29.39,1970,2018,6,29,174.18,4.98,0
RUTSIRO_AWS,-1.96,29.39,1970,2018,6,30,263.71,7.16,0
RUTSIRO_AWS,-1.96,29.39,1970,2018,7,1,208.63,5.98,0
RUTSIRO_AWS,-1.96,29.39,1970,2018,7,2,293.42,4.76,0
RUTSIRO_AWS,-1.96,29.39,1970,2018,7,3,309.22,6.19,0
RUTSIRO_AWS,-1.96,29.39,1970,2018,7,5,348.31,7.16,0
RUTSIRO_AWS,-1.96,29.39,1970,2018,7,6,411.52,10.78,0
RUTSIRO_AWS,-1.96,29.39,1970,2018,7,7,372.89,6.53,0
RUTSIRO_AWS,-1.96,29.39,1970,2018,7,8,331.31,6.99,0
RUTSIRO_AWS,-1.96,29.39,1970,2018,7,9,298.57,5.38,0
RUTSIRO_AWS,-1.96,29.39,1970,2018,7,10,203.92,4.11,0
RUTSIRO_AWS,-1.96,29.39,1970,2018,7,11,242.23,6.26,0
RUTSIRO_AWS,-1.96,29.39,1970,2018,7,12,243.07,5.82,0
RUTSIRO_AWS,-1.96,29.39,1970,2018,7,17,205.67,6.33,0
RUTSIRO_AWS,-1.96,29.39,1970,2018,7,18,255.42,4.12,0
RUTSIRO_AWS,-1.96,29.39,1970,2018,7,19,191.48,5.2,0
RUTSIRO_AWS,-1.96,29.39,1970,2018,7,20,272.43,4.1,0
RUTSIRO_AWS,-1.96,29.39,1970,2018,7,21,238.61,5.49,0
RUTSIRO_AWS,-1.96,29.39,1970,2018,7,22,238.37,6.8,0
RUTSIRO_AWS,-1.96,29.39,1970,2018,7,23,246.56,7.98,0
RUTSIRO_AWS,-1.96,29.39,1970,2018,7,24,208.7,8.5,0
RUTSIRO_AWS,-1.96,29.39,1970,2018,7,25,176.47,6.01,0
RUTSIRO_AWS,-1.96,29.39,1970,2018,7,26,140.95,3.39,0
RUTSIRO_AWS,-1.96,29.39,1970,2018,7,27,183.2,3.2,0
RUTSIRO_AWS,-1.96,29.39,1970,2018,7,28,216.56,2.78,0.6
RUTSIRO_AWS,-1.96,29.39,1970,2018,7,29,100.98,2.44,0.6
RUTSIRO_AWS,-1.96,29.39,1970,2018,7,30,164.11,2.91,1
RUTSIRO_AWS,-1.96,29.39,1970,2018,7,31,85.7,2.16,9.4
RUTSIRO_AWS,-1.96,29.39,1970,2018,8,1,128.7,1.79,3.6
RUTSIRO_AWS,-1.96,29.39,1970,2018,8,2,88.95,1.95,1
RUTSIRO_AWS,-1.96,29.39,1970,2018,8,3,205.61,3.59,0.2
RUTSIRO_AWS,-1.96,29.39,1970,2018,8,4,276.83,3.49,0.2
RUTSIRO_AWS,-1.96,29.39,1970,2018,8,5,303.97,5.52,0
RUTSIRO_AWS,-1.96,29.39,1970,2018,8,6,154.11,6.64,0
RUTSIRO_AWS,-1.96,29.39,1970,2018,8,7,222.41,3.9,0
RUTSIRO_AWS,-1.96,29.39,1970,2018,8,8,285.97,3.53,0
RUTSIRO_AWS,-1.96,29.39,1970,2018,8,9,335.67,4.57,0
RUTSIRO_AWS,-1.96,29.39,1970,2018,8,10,241.02,4.69,0
RUTSIRO_AWS,-1.96,29.39,1970,2018,8,11,273.12,7.77,0
RUTSIRO_AWS,-1.96,29.39,1970,2018,8,12,270.22,8.46,0
RUTSIRO_AWS,-1.96,29.39,1970,2018,8,13,281.63,7.82,0
RUTSIRO_AWS,-1.96,29.39,1970,2018,8,14,279.77,7.32,0
RUTSIRO_AWS,-1.96,29.39,1970,2018,8,15,286.92,4.17,0
RUTSIRO_AWS,-1.96,29.39,1970,2018,8,16,279.29,4,0
RUTSIRO_AWS,-1.96,29.39,1970,2018,8,17,234.15,2.78,0
RUTSIRO_AWS,-1.96,29.39,1970,2018,8,18,166.97,2.6,0
RUTSIRO_AWS,-1.96,29.39,1970,2018,8,19,140.81,2.9,0
RUTSIRO_AWS,-1.96,29.39,1970,2018,8,20,196.05,3.24,0
RUTSIRO_AWS,-1.96,29.39,1970,2018,8,21,120.11,2.53,0
RUTSIRO_AWS,-1.96,29.39,1970,2018,8,22,101.7,1.86,1
RUTSIRO_AWS,-1.96,29.39,1970,2018,8,23,69.06,2.16,0.4
RUTSIRO_AWS,-1.96,29.39,1970,2018,8,24,55.56,1.73,0.2
RUTSIRO_AWS,-1.96,29.39,1970,2018,8,25,167.66,3.32,0.2
RUTSIRO_AWS,-1.96,29.39,1970,2018,8,26,115.92,2.71,0
RUTSIRO_AWS,-1.96,29.39,1970,2018,8,27,95.98,3.13,0.2
RUTSIRO_AWS,-1.96,29.39,1970,2018,8,28,190.99,3.33,51.8
RUTSIRO_AWS,-1.96,29.39,1970,2018,8,29,71.89,5.44,7
RUTSIRO_AWS,-1.96,29.39,1970,2018,8,30,251.09,10.38,0.2
RUTSIRO_AWS,-1.96,29.39,1970,2018,8,31,312.6,10.74,0
RUTSIRO_AWS,-1.96,29.39,1970,2018,9,1,181.96,4.76,0
RUTSIRO_AWS,-1.96,29.39,1970,2018,9,2,260.2,4.42,0
RUTSIRO_AWS,-1.96,29.39,1970,2018,9,3,245.18,3.52,2.6
RUTSIRO_AWS,-1.96,29.39,1970,2018,9,4,165.91,4.08,12
RUTSIRO_AWS,-1.96,29.39,1970,2018,9,5,172.95,5.22,0.2
RUTSIRO_AWS,-1.96,29.39,1970,2018,9,6,243.32,5.86,0.2
RUTSIRO_AWS,-1.96,29.39,1970,2018,9,7,274.61,5.28,0
RUTSIRO_AWS,-1.96,29.39,1970,2018,9,8,230.26,4.01,0
RUTSIRO_AWS,-1.96,29.39,1970,2018,9,9,235.52,2.84,0.4
RUTSIRO_AWS,-1.96,29.39,1970,2018,9,10,244.16,2.45,1.2
RUTSIRO_AWS,-1.96,29.39,1970,2018,9,11,175.39,4.05,0.4
RUTSIRO_AWS,-1.96,29.39,1970,2018,9,12,205.86,4.33,0.4
RUTSIRO_AWS,-1.96,29.39,1970,2018,9,13,150.35,3.34,0.2
RUTSIRO_AWS,-1.96,29.39,1970,2018,9,14,249.37,4.72,0.4
RUTSIRO_AWS,-1.96,29.39,1970,2018,9,15,282.1,4.56,0.2
RUTSIRO_AWS,-1.96,29.39,1970,2018,9,16,219.44,4.04,0.2
RUTSIRO_AWS,-1.96,29.39,1970,2018,9,17,239.5,3.55,0.2
RUTSIRO_AWS,-1.96,29.39,1970,2018,9,18,229.97,3.25,0.2
RUTSIRO_AWS,-1.96,29.39,1970,2018,9,19,165.77,3.42,0.2
RUTSIRO_AWS,-1.96,29.39,1970,2018,9,20,166.63,6.88,0.2
RUTSIRO_AWS,-1.96,29.39,1970,2018,9,21,314.33,6.88,0
RUTSIRO_AWS,-1.96,29.39,1970,2018,9,22,237.31,5.99,0.2
RUTSIRO_AWS,-1.96,29.39,1970,2018,9,23,816.3,5.9,0
RUTSIRO_AWS,-1.96,29.39,1970,2018,9,24,317.99,6.84,0
RUTSIRO_AWS,-1.96,29.39,1970,2018,9,25,287.95,4.33,0.2
RUTSIRO_AWS,-1.96,29.39,1970,2018,9,26,282.94,6.25,0
RUTSIRO_AWS,-1.96,29.39,1970,2018,9,27,308.57,5.51,0
RUTSIRO_AWS,-1.96,29.39,1970,2018,9,28,201.68,8.9,0
RUTSIRO_AWS,-1.96,29.39,1970,2018,9,29,144.22,5.27,0
RUTSIRO_AWS,-1.96,29.39,1970,2018,9,30,253.67,5.34,0
RUTSIRO_AWS,-1.96,29.39,1970,2018,10,1,284.46,7.79,0
RUTSIRO_AWS,-1.96,29.39,1970,2018,10,2,176.08,4.28,0
RUTSIRO_AWS,-1.96,29.39,1970,2018,10,3,165.97,4.46,0
RUTSIRO_AWS,-1.96,29.39,1970,2018,10,4,200.86,3.13,0
RUTSIRO_AWS,-1.96,29.39,1970,2018,10,5,201.2,3.7,0
RUTSIRO_AWS,-1.96,29.39,1970,2018,10,6,236.26,4.25,0
RUTSIRO_AWS,-1.96,29.39,1970,2018,10,7,248.17,3.32,0
RUTSIRO_AWS,-1.96,29.39,1970,2018,10,8,192.28,3.76,0
RUTSIRO_AWS,-1.96,29.39,1970,2018,10,9,228.82,3.52,0
RUTSIRO_AWS,-1.96,29.39,1970,2018,10,10,70.12,3.1,0
RUTSIRO_AWS,-1.96,29.39,1970,2018,10,11,179.62,3.94,0
RUTSIRO_AWS,-1.96,29.39,1970,2018,10,12,225.68,3.47,0
RUTSIRO_AWS,-1.96,29.39,1970,2018,10,13,131.25,3.22,0.2
RUTSIRO_AWS,-1.96,29.39,1970,2018,10,14,117.88,2.19,0
RUTSIRO_AWS,-1.96,29.39,1970,2018,10,15,211.72,2.68,0.2
RUTSIRO_AWS,-1.96,29.39,1970,2018,10,16,205.97,3.61,2.2
RUTSIRO_AWS,-1.96,29.39,1970,2018,10,17,121.2,3.83,1
RUTSIRO_AWS,-1.96,29.39,1970,2018,10,18,185.75,3.43,0.4
RUTSIRO_AWS,-1.96,29.39,1970,2018,10,19,139.89,2.54,0.2
RUTSIRO_AWS,-1.96,29.39,1970,2018,10,20,255.73,4.99,0.2
RUTSIRO_AWS,-1.96,29.39,1970,2018,10,21,261.34,3.66,0.2
RUTSIRO_AWS,-1.96,29.39,1970,2018,10,22,289.12,6.95,0.2
RUTSIRO_AWS,-1.96,29.39,1970,2018,10,23,157.62,9.12,0
RUTSIRO_AWS,-1.96,29.39,1970,2018,10,24,143.23,7.14,0.2
RUTSIRO_AWS,-1.96,29.39,1970,2018,10,25,148.27,5.68,0
RUTSIRO_AWS,-1.96,29.39,1970,2018,10,26,136.37,5.26,0
RUTSIRO_AWS,-1.96,29.39,1970,2018,10,27,169.74,5.97,0.2
RUTSIRO_AWS,-1.96,29.39,1970,2018,10,28,274.8,4.4,0
RUTSIRO_AWS,-1.96,29.39,1970,2018,10,29,145.77,3.75,0
RUTSIRO_AWS,-1.96,29.39,1970,2018,10,30,143.05,2.76,0
RUTSIRO_AWS,-1.96,29.39,1970,2018,10,31,161.28,2.78,0.2
RUTSIRO_AWS,-1.96,29.39,1970,2018,11,1,146.1,2.92,0
RUTSIRO_AWS,-1.96,29.39,1970,2018,11,2,118.56,2.53,0
RUTSIRO_AWS,-1.96,29.39,1970,2018,11,3,88.19,4.85,0.2
RUTSIRO_AWS,-1.96,29.39,1970,2018,11,4,113.96,3.76,0
RUTSIRO_AWS,-1.96,29.39,1970,2018,11,5,193.28,4.92,0
RUTSIRO_AWS,-1.96,29.39,1970,2018,11,6,221.61,4.23,2.2
RUTSIRO_AWS,-1.96,29.39,1970,2018,11,7,126.74,2.89,1.8
RUTSIRO_AWS,-1.96,29.39,1970,2018,11,8,207.27,4.27,1
RUTSIRO_AWS,-1.96,29.39,1970,2018,11,9,155.9,3.49,0
RUTSIRO_AWS,-1.96,29.39,1970,2018,11,10,193.37,3.11,0
RUTSIRO_AWS,-1.96,29.39,1970,2018,11,11,173.23,3.39,0
RUTSIRO_AWS,-1.96,29.39,1970,2018,11,12,281.47,4.63,1.8
RUTSIRO_AWS,-1.96,29.39,1970,2018,11,13,117.3,3.89,0
RUTSIRO_AWS,-1.96,29.39,1970,2018,11,14,211.76,2.97,0
RUTSIRO_AWS,-1.96,29.39,1970,2018,11,19,105.03,2.76,11.2
RUTSIRO_AWS,-1.96,29.39,1970,2018,11,20,147.57,3.7,0.2
RUTSIRO_AWS,-1.96,29.39,1970,2018,11,21,175.51,3.96,0
RUTSIRO_AWS,-1.96,29.39,1970,2018,11,22,173.35,2.67,0.2
RUTSIRO_AWS,-1.96,29.39,1970,2018,11,23,138.63,2.58,0
RUTSIRO_AWS,-1.96,29.39,1970,2018,11,24,55.49,3.02,0
RUTSIRO_AWS,-1.96,29.39,1970,2018,11,25,236.75,4.95,0.4
RUTSIRO_AWS,-1.96,29.39,1970,2018,11,26,190.92,4.95,0.4
RUTSIRO_AWS,-1.96,29.39,1970,2018,11,27,191.63,8.05,1.8
RUTSIRO_AWS,-1.96,29.39,1970,2018,11,28,195.27,5.25,0
RUTSIRO_AWS,-1.96,29.39,1970,2018,11,29,225.43,4.82,0
RUTSIRO_AWS,-1.96,29.39,1970,2018,11,30,237.78,7.1,1.8
RUTSIRO_AWS,-1.96,29.39,1970,2018,12,1,117.13,6.05,0
RUTSIRO_AWS,-1.96,29.39,1970,2018,12,2,218.95,3.7,0
RUTSIRO_AWS,-1.96,29.39,1970,2018,12,3,100.56,2.56,9.8
RUTSIRO_AWS,-1.96,29.39,1970,2018,12,4,131.2,2.53,13.8
RUTSIRO_AWS,-1.96,29.39,1970,2018,12,5,175.54,4.41,0.2
RUTSIRO_AWS,-1.96,29.39,1970,2018,12,6,260.64,5.51,0
RUTSIRO_AWS,-1.96,29.39,1970,2018,12,7,189.35,3.72,1.2
RUTSIRO_AWS,-1.96,29.39,1970,2018,12,8,91.14,2.84,20.8
RUTSIRO_AWS,-1.96,29.39,1970,2018,12,9,94.57,3.05,0.4
RUTSIRO_AWS,-1.96,29.39,1970,2018,12,10,56.7,1.92,13.6
RUTSIRO_AWS,-1.96,29.39,1970,2018,12,11,70.11,2.19,26.8
RUTSIRO_AWS,-1.96,29.39,1970,2018,12,12,138.96,2.02,11.4
RUTSIRO_AWS,-1.96,29.39,1970,2018,12,13,112.72,3.15,0.2
RUTSIRO_AWS,-1.96,29.39,1970,2018,12,14,267.37,5,0
RUTSIRO_AWS,-1.96,29.39,1970,2018,12,15,132.38,2.94,0.2
RUTSIRO_AWS,-1.96,29.39,1970,2018,12,16,238.29,2.97,0
RUTSIRO_AWS,-1.96,29.39,1970,2018,12,17,152.12,3.18,12
RUTSIRO_AWS,-1.96,29.39,1970,2018,12,18,162.42,2.78,2.6
RUTSIRO_AWS,-1.96,29.39,1970,2018,12,19,133.84,2.5,1
RUTSIRO_AWS,-1.96,29.39,1970,2018,12,20,112.46,2.39,0.6
RUTSIRO_AWS,-1.96,29.39,1970,2018,12,21,134.03,2.72,0.8
RUTSIRO_AWS,-1.96,29.39,1970,2018,12,22,86.08,2.26,0.4
RUTSIRO_AWS,-1.96,29.39,1970,2018,12,23,91.75,2.24,1.4
RUTSIRO_AWS,-1.96,29.39,1970,2018,12,24,67.1,1.91,4.8
RUTSIRO_AWS,-1.96,29.39,1970,2018,12,25,156.5,2.8,0
RUTSIRO_AWS,-1.96,29.39,1970,2018,12,26,201.14,4.05,0
RUTSIRO_AWS,-1.96,29.39,1970,2018,12,27,185.38,4.92,0.4
RUTSIRO_AWS,-1.96,29.39,1970,2018,12,28,161.24,3.47,0
RUTSIRO_AWS,-1.96,29.39,1970,2018,12,29,112.74,3.44,3.6
RUTSIRO_AWS,-1.96,29.39,1970,2018,12,30,159.53,4.54,3.6
RUTSIRO_AWS,-1.96,29.39,1970,2018,12,31,135.76,4.71,5.6
MUKUNGURI_AWS,-2.15,29.93,1376,2018,1,1,359.78,0,2
MUKUNGURI_AWS,-2.15,29.93,1376,2018,1,2,354.41,0.01,0
MUKUNGURI_AWS,-2.15,29.93,1376,2018,1,3,207.74,0.17,0
MUKUNGURI_AWS,-2.15,29.93,1376,2018,1,4,182.73,0,16.2
MUKUNGURI_AWS,-2.15,29.93,1376,2018,1,5,501.26,0,0
MUKUNGURI_AWS,-2.15,29.93,1376,2018,1,6,360.32,0,0
MUKUNGURI_AWS,-2.15,29.93,1376,2018,1,7,222.9,0,0
MUKUNGURI_AWS,-2.15,29.93,1376,2018,1,8,167.57,0,0
MUKUNGURI_AWS,-2.15,29.93,1376,2018,1,9,63.18,0,0
MUKUNGURI_AWS,-2.15,29.93,1376,2018,1,10,122.45,0,15.8
MUKUNGURI_AWS,-2.15,29.93,1376,2018,1,11,269.51,0,4.6
MUKUNGURI_AWS,-2.15,29.93,1376,2018,1,12,372.28,0,0
MUKUNGURI_AWS,-2.15,29.93,1376,2018,1,13,275.73,0,0
MUKUNGURI_AWS,-2.15,29.93,1376,2018,1,14,332.76,0,0
MUKUNGURI_AWS,-2.15,29.93,1376,2018,1,15,160.34,0,14.2
MUKUNGURI_AWS,-2.15,29.93,1376,2018,1,16,736.02,0.01,0
MUKUNGURI_AWS,-2.15,29.93,1376,2018,1,17,420.56,0,3.6
MUKUNGURI_AWS,-2.15,29.93,1376,2018,1,18,551.39,0,6.2
MUKUNGURI_AWS,-2.15,29.93,1376,2018,1,19,625.25,0,7.6
MUKUNGURI_AWS,-2.15,29.93,1376,2018,1,20,753.21,0,7.8
MUKUNGURI_AWS,-2.15,29.93,1376,2018,1,21,969.45,0.03,1
MUKUNGURI_AWS,-2.15,29.93,1376,2018,1,22,638.77,0,0.6
MUKUNGURI_AWS,-2.15,29.93,1376,2018,1,23,356.92,0,0.2
MUKUNGURI_AWS,-2.15,29.93,1376,2018,1,24,237.61,0.3,13.2
MUKUNGURI_AWS,-2.15,29.93,1376,2018,1,25,412.95,0.02,2.6
MUKUNGURI_AWS,-2.15,29.93,1376,2018,1,26,447.52,0.02,0
MUKUNGURI_AWS,-2.15,29.93,1376,2018,1,27,280.97,0.03,6
MUKUNGURI_AWS,-2.15,29.93,1376,2018,1,28,499.37,0.22,0
MUKUNGURI_AWS,-2.15,29.93,1376,2018,1,29,279.1,0.36,0
MUKUNGURI_AWS,-2.15,29.93,1376,2018,1,30,126.56,0.07,17
MUKUNGURI_AWS,-2.15,29.93,1376,2018,1,31,340.8,0.79,5.8
MUKUNGURI_AWS,-2.15,29.93,1376,2018,2,1,283.1,0.04,0
MUKUNGURI_AWS,-2.15,29.93,1376,2018,2,2,236.63,0.55,7.8
MUKUNGURI_AWS,-2.15,29.93,1376,2018,2,3,207.93,0,1
MUKUNGURI_AWS,-2.15,29.93,1376,2018,2,16,271.84,1.72,0
MUKUNGURI_AWS,-2.15,29.93,1376,2018,2,17,74.87,0,0
MUKUNGURI_AWS,-2.15,29.93,1376,2018,2,18,39.69,0,0.2
MUKUNGURI_AWS,-2.15,29.93,1376,2018,2,19,47.39,0.01,0
MUKUNGURI_AWS,-2.15,29.93,1376,2018,3,2,436.75,1.53,7
MUKUNGURI_AWS,-2.15,29.93,1376,2018,3,3,844.62,0.84,1.8
MUKUNGURI_AWS,-2.15,29.93,1376,2018,3,4,753.05,1.68,3.4
MUKUNGURI_AWS,-2.15,29.93,1376,2018,3,5,815.81,1.58,15.4
MUKUNGURI_AWS,-2.15,29.93,1376,2018,3,12,148.31,0.01,0.4
MUKUNGURI_AWS,-2.15,29.93,1376,2018,3,13,243.6,0,2.6
MUKUNGURI_AWS,-2.15,29.93,1376,2018,3,14,335.68,0.01,0.2
MUKUNGURI_AWS,-2.15,29.93,1376,2018,3,15,18.49,0,0.6
MUKUNGURI_AWS,-2.15,29.93,1376,2018,3,19,30.08,0,0
MUKUNGURI_AWS,-2.15,29.93,1376,2018,3,20,139.04,0,0
MUKUNGURI_AWS,-2.15,29.93,1376,2018,3,21,145.98,0,6.8
MUKUNGURI_AWS,-2.15,29.93,1376,2018,3,22,99.65,0,1.6
MUKUNGURI_AWS,-2.15,29.93,1376,2018,3,23,256.89,0,0
MUKUNGURI_AWS,-2.15,29.93,1376,2018,3,24,377.01,0.03,0.4
MUKUNGURI_AWS,-2.15,29.93,1376,2018,3,25,167.31,0.01,0
MUKUNGURI_AWS,-2.15,29.93,1376,2018,3,26,292.07,0,0.4
MUKUNGURI_AWS,-2.15,29.93,1376,2018,3,27,262.13,0,0
MUKUNGURI_AWS,-2.15,29.93,1376,2018,3,28,125.58,0,8.4
MUKUNGURI_AWS,-2.15,29.93,1376,2018,3,29,213.68,0,6.4
MUKUNGURI_AWS,-2.15,29.93,1376,2018,3,30,435.95,0,10.6
MUKUNGURI_AWS,-2.15,29.93,1376,2018,3,31,392.52,0.07,0
MUKUNGURI_AWS,-2.15,29.93,1376,2018,4,1,228.41,0,2
MUKUNGURI_AWS,-2.15,29.93,1376,2018,4,2,303.91,0,0.2
MUKUNGURI_AWS,-2.15,29.93,1376,2018,4,3,154.56,0,12.2
MUKUNGURI_AWS,-2.15,29.93,1376,2018,4,4,36.42,0,0.2
MUKUNGURI_AWS,-2.15,29.93,1376,2018,4,8,111.61,0,0.6
MUKUNGURI_AWS,-2.15,29.93,1376,2018,4,9,143.44,0,0
MUKUNGURI_AWS,-2.15,29.93,1376,2018,4,10,343.99,0,0
MUKUNGURI_AWS,-2.15,29.93,1376,2018,4,11,116.71,0.01,0.4
MUKUNGURI_AWS,-2.15,29.93,1376,2018,4,12,253.74,0,0
MUKUNGURI_AWS,-2.15,29.93,1376,2018,4,13,222.99,0.01,0.2
MUKUNGURI_AWS,-2.15,29.93,1376,2018,4,14,112.17,0,11
MUKUNGURI_AWS,-2.15,29.93,1376,2018,4,15,245.31,0.01,0
MUKUNGURI_AWS,-2.15,29.93,1376,2018,4,16,173.89,0,3.2
MUKUNGURI_AWS,-2.15,29.93,1376,2018,4,17,328.47,0,7
MUKUNGURI_AWS,-2.15,29.93,1376,2018,4,18,168.93,0,0.2
MUKUNGURI_AWS,-2.15,29.93,1376,2018,4,19,106.05,0,0.2
MUKUNGURI_AWS,-2.15,29.93,1376,2018,4,20,76.42,0,0.6
MUKUNGURI_AWS,-2.15,29.93,1376,2018,4,21,223.27,0.39,0
MUKUNGURI_AWS,-2.15,29.93,1376,2018,4,22,157.59,0,11.6
MUKUNGURI_AWS,-2.15,29.93,1376,2018,4,23,301.33,1.18,0
MUKUNGURI_AWS,-2.15,29.93,1376,2018,4,26,238.05,0.11,11.6
MUKUNGURI_AWS,-2.15,29.93,1376,2018,4,27,389.13,0,0
MUKUNGURI_AWS,-2.15,29.93,1376,2018,4,28,134.55,0,0
MUKUNGURI_AWS,-2.15,29.93,1376,2018,4,29,118.58,0,0
MUKUNGURI_AWS,-2.15,29.93,1376,2018,4,30,213.84,0,0
MUKUNGURI_AWS,-2.15,29.93,1376,2018,5,1,246.34,0,0
MUKUNGURI_AWS,-2.15,29.93,1376,2018,5,2,210.99,0,0
MUKUNGURI_AWS,-2.15,29.93,1376,2018,5,3,300.93,0,0
MUKUNGURI_AWS,-2.15,29.93,1376,2018,5,4,264.45,0.01,0
MUKUNGURI_AWS,-2.15,29.93,1376,2018,5,5,161.03,0,0
MUKUNGURI_AWS,-2.15,29.93,1376,2018,5,6,229.84,0.02,0.2
MUKUNGURI_AWS,-2.15,29.93,1376,2018,5,7,174.38,0.03,0
MUKUNGURI_AWS,-2.15,29.93,1376,2018,5,8,251.08,0,0
MUKUNGURI_AWS,-2.15,29.93,1376,2018,5,9,172.69,0.07,0
MUKUNGURI_AWS,-2.15,29.93,1376,2018,5,10,174.65,0,0
MUKUNGURI_AWS,-2.15,29.93,1376,2018,5,11,202.59,0.01,0
MUKUNGURI_AWS,-2.15,29.93,1376,2018,5,12,390.2,0.01,0
MUKUNGURI_AWS,-2.15,29.93,1376,2018,5,13,211.87,0,0
MUKUNGURI_AWS,-2.15,29.93,1376,2018,5,14,148.7,0.01,0
MUKUNGURI_AWS,-2.15,29.93,1376,2018,5,15,116.01,0,0
MUKUNGURI_AWS,-2.15,29.93,1376,2018,5,16,216.14,0,0
MUKUNGURI_AWS,-2.15,29.93,1376,2018,5,17,282.64,0,0
MUKUNGURI_AWS,-2.15,29.93,1376,2018,5,18,199.18,0.02,0
MUKUNGURI_AWS,-2.15,29.93,1376,2018,5,19,118.09,0,0
MUKUNGURI_AWS,-2.15,29.93,1376,2018,5,20,248.61,0,0
MUKUNGURI_AWS,-2.15,29.93,1376,2018,5,21,192.47,0,0
MUKUNGURI_AWS,-2.15,29.93,1376,2018,5,22,138.54,0,0
MUKUNGURI_AWS,-2.15,29.93,1376,2018,5,23,211,0,0
MUKUNGURI_AWS,-2.15,29.93,1376,2018,5,24,173.11,0,0
MUKUNGURI_AWS,-2.15,29.93,1376,2018,5,25,242.76,0,0
MUKUNGURI_AWS,-2.15,29.93,1376,2018,5,26,233.37,0,0
MUKUNGURI_AWS,-2.15,29.93,1376,2018,5,27,169.04,0.01,0
MUKUNGURI_AWS,-2.15,29.93,1376,2018,5,28,250.8,0,0
MUKUNGURI_AWS,-2.15,29.93,1376,2018,5,29,190.34,0,0
MUKUNGURI_AWS,-2.15,29.93,1376,2018,5,30,287.02,0.01,0
MUKUNGURI_AWS,-2.15,29.93,1376,2018,6,1,542.29,0.01,0
MUKUNGURI_AWS,-2.15,29.93,1376,2018,6,2,281.99,0.05,0
MUKUNGURI_AWS,-2.15,29.93,1376,2018,6,3,346.5,0,0
MUKUNGURI_AWS,-2.15,29.93,1376,2018,6,4,212.89,0,0
MUKUNGURI_AWS,-2.15,29.93,1376,2018,6,5,244.77,0,0
MUKUNGURI_AWS,-2.15,29.93,1376,2018,6,6,289.3,0.01,4
MUKUNGURI_AWS,-2.15,29.93,1376,2018,6,7,235.8,0,0
MUKUNGURI_AWS,-2.15,29.93,1376,2018,6,8,259.5,0,0
MUKUNGURI_AWS,-2.15,29.93,1376,2018,6,9,159.48,0.02,0
MUKUNGURI_AWS,-2.15,29.93,1376,2018,6,10,317.66,0,0
MUKUNGURI_AWS,-2.15,29.93,1376,2018,6,11,310.21,0.01,0
MUKUNGURI_AWS,-2.15,29.93,1376,2018,6,12,342.67,0.01,0
MUKUNGURI_AWS,-2.15,29.93,1376,2018,6,13,197.43,0.49,0
MUKUNGURI_AWS,-2.15,29.93,1376,2018,6,14,171.89,0.94,0
MUKUNGURI_AWS,-2.15,29.93,1376,2018,6,15,67.38,0,0
MUKUNGURI_AWS,-2.15,29.93,1376,2018,6,16,83.3,0.02,0
MUKUNGURI_AWS,-2.15,29.93,1376,2018,6,17,36.05,0,0
MUKUNGURI_AWS,-2.15,29.93,1376,2018,6,18,54.11,0,0
MUKUNGURI_AWS,-2.15,29.93,1376,2018,6,19,52.56,0,0
MUKUNGURI_AWS,-2.15,29.93,1376,2018,6,20,87.51,0,0
MUKUNGURI_AWS,-2.15,29.93,1376,2018,6,21,75.73,0,0
MUKUNGURI_AWS,-2.15,29.93,1376,2018,6,22,484.63,0,0
MUKUNGURI_AWS,-2.15,29.93,1376,2018,6,23,775.89,0,0
MUKUNGURI_AWS,-2.15,29.93,1376,2018,6,24,118.54,0,0
MUKUNGURI_AWS,-2.15,29.93,1376,2018,6,25,40.41,0.27,0
MUKUNGURI_AWS,-2.15,29.93,1376,2018,6,26,34.01,0,0
MUKUNGURI_AWS,-2.15,29.93,1376,2018,6,27,28.6,0,0
MUKUNGURI_AWS,-2.15,29.93,1376,2018,6,28,38.73,0,0
MUKUNGURI_AWS,-2.15,29.93,1376,2018,6,29,27.99,0,0
MUKUNGURI_AWS,-2.15,29.93,1376,2018,6,30,30.94,0.5,0
MUKUNGURI_AWS,-2.15,29.93,1376,2018,7,1,38.26,0.36,0
MUKUNGURI_AWS,-2.15,29.93,1376,2018,7,2,30.36,0.12,0
MUKUNGURI_AWS,-2.15,29.93,1376,2018,7,3,23.6,0.02,0
MUKUNGURI_AWS,-2.15,29.93,1376,2018,7,5,35.3,0,0
MUKUNGURI_AWS,-2.15,29.93,1376,2018,7,6,50.75,0,0
MUKUNGURI_AWS,-2.15,29.93,1376,2018,7,7,40.17,0,0
MUKUNGURI_AWS,-2.15,29.93,1376,2018,7,8,27.96,0,0
MUKUNGURI_AWS,-2.15,29.93,1376,2018,7,9,48.37,0,0
MUKUNGURI_AWS,-2.15,29.93,1376,2018,7,10,23.07,0,0
MUKUNGURI_AWS,-2.15,29.93,1376,2018,7,11,22.95,0,0
MUKUNGURI_AWS,-2.15,29.93,1376,2018,7,12,24.34,0,0
MUKUNGURI_AWS,-2.15,29.93,1376,2018,7,17,19.18,0,0
MUKUNGURI_AWS,-2.15,29.93,1376,2018,7,18,37.08,0,0
MUKUNGURI_AWS,-2.15,29.93,1376,2018,7,19,34.97,0,0
MUKUNGURI_AWS,-2.15,29.93,1376,2018,7,20,33.64,0,0
MUKUNGURI_AWS,-2.15,29.93,1376,2018,7,21,35.26,0,0
MUKUNGURI_AWS,-2.15,29.93,1376,2018,7,22,25.48,0,0
MUKUNGURI_AWS,-2.15,29.93,1376,2018,7,23,25.06,0,0
MUKUNGURI_AWS,-2.15,29.93,1376,2018,7,24,23.59,0,0
MUKUNGURI_AWS,-2.15,29.93,1376,2018,7,25,37.93,0,0
MUKUNGURI_AWS,-2.15,29.93,1376,2018,7,26,21.36,0,0
MUKUNGURI_AWS,-2.15,29.93,1376,2018,7,27,28.77,0,0
MUKUNGURI_AWS,-2.15,29.93,1376,2018,7,28,44.73,0,0
MUKUNGURI_AWS,-2.15,29.93,1376,2018,7,29,26.65,0,0
MUKUNGURI_AWS,-2.15,29.93,1376,2018,7,30,24.15,0,0
MUKUNGURI_AWS,-2.15,29.93,1376,2018,7,31,33.84,0,0
MUKUNGURI_AWS,-2.15,29.93,1376,2018,8,1,508.61,0,0
MUKUNGURI_AWS,-2.15,29.93,1376,2018,8,2,813.55,0,0
MUKUNGURI_AWS,-2.15,29.93,1376,2018,8,3,422.88,0,0
MUKUNGURI_AWS,-2.15,29.93,1376,2018,8,4,373.88,0.25,0
MUKUNGURI_AWS,-2.15,29.93,1376,2018,8,5,215.37,0,0
MUKUNGURI_AWS,-2.15,29.93,1376,2018,8,6,36.9,0,0
MUKUNGURI_AWS,-2.15,29.93,1376,2018,8,7,36.3,0,0
MUKUNGURI_AWS,-2.15,29.93,1376,2018,8,8,38.22,0,0
MUKUNGURI_AWS,-2.15,29.93,1376,2018,8,9,46.17,0,0
MUKUNGURI_AWS,-2.15,29.93,1376,2018,8,10,26.44,0,0
MUKUNGURI_AWS,-2.15,29.93,1376,2018,8,11,25.17,0,0
MUKUNGURI_AWS,-2.15,29.93,1376,2018,8,12,26.18,0,0
MUKUNGURI_AWS,-2.15,29.93,1376,2018,8,13,26.84,0,0
MUKUNGURI_AWS,-2.15,29.93,1376,2018,8,14,40.17,0,0
MUKUNGURI_AWS,-2.15,29.93,1376,2018,8,15,43.61,0,0
MUKUNGURI_AWS,-2.15,29.93,1376,2018,8,16,40.27,0,0
MUKUNGURI_AWS,-2.15,29.93,1376,2018,8,17,48,0,0
MUKUNGURI_AWS,-2.15,29.93,1376,2018,8,18,18.17,0,0
MUKUNGURI_AWS,-2.15,29.93,1376,2018,8,19,29.96,0,0
MUKUNGURI_AWS,-2.15,29.93,1376,2018,8,20,20.91,0,0
MUKUNGURI_AWS,-2.15,29.93,1376,2018,8,21,18.32,0,0
MUKUNGURI_AWS,-2.15,29.93,1376,2018,8,22,26.05,0,0
MUKUNGURI_AWS,-2.15,29.93,1376,2018,8,23,273.41,0,0
MUKUNGURI_AWS,-2.15,29.93,1376,2018,8,24,706.43,0,0
MUKUNGURI_AWS,-2.15,29.93,1376,2018,8,25,826.28,0,0
MUKUNGURI_AWS,-2.15,29.93,1376,2018,8,26,974.37,0,0
MUKUNGURI_AWS,-2.15,29.93,1376,2018,8,27,1162.92,0,0
MUKUNGURI_AWS,-2.15,29.93,1376,2018,8,28,1310.64,0,0
MUKUNGURI_AWS,-2.15,29.93,1376,2018,8,29,1244.31,0,0
MUKUNGURI_AWS,-2.15,29.93,1376,2018,8,30,1483.35,0,0
MUKUNGURI_AWS,-2.15,29.93,1376,2018,8,31,992.83,0,0
MUKUNGURI_AWS,-2.15,29.93,1376,2018,9,1,665.3,0,0
MUKUNGURI_AWS,-2.15,29.93,1376,2018,9,2,461.43,0,0
MUKUNGURI_AWS,-2.15,29.93,1376,2018,9,3,99.61,0,0
MUKUNGURI_AWS,-2.15,29.93,1376,2018,9,4,164.73,0,0
MUKUNGURI_AWS,-2.15,29.93,1376,2018,9,5,1145.99,0,0
MUKUNGURI_AWS,-2.15,29.93,1376,2018,9,6,929.66,0,0
MUKUNGURI_AWS,-2.15,29.93,1376,2018,9,7,676.11,0,0
MUKUNGURI_AWS,-2.15,29.93,1376,2018,9,8,380.06,0.4,0
MUKUNGURI_AWS,-2.15,29.93,1376,2018,9,9,47.52,0,0
MUKUNGURI_AWS,-2.15,29.93,1376,2018,9,10,87.95,0,0
MUKUNGURI_AWS,-2.15,29.93,1376,2018,9,11,957.75,0.21,0
MUKUNGURI_AWS,-2.15,29.93,1376,2018,9,12,706.88,0,0
MUKUNGURI_AWS,-2.15,29.93,1376,2018,9,13,570.98,0,0
MUKUNGURI_AWS,-2.15,29.93,1376,2018,9,14,727.49,0,0
MUKUNGURI_AWS,-2.15,29.93,1376,2018,9,15,65.4,0,0
MUKUNGURI_AWS,-2.15,29.93,1376,2018,9,16,65.94,0,0
MUKUNGURI_AWS,-2.15,29.93,1376,2018,9,17,607,0,0
MUKUNGURI_AWS,-2.15,29.93,1376,2018,9,18,344.84,0,0
MUKUNGURI_AWS,-2.15,29.93,1376,2018,9,19,258.63,0,0
MUKUNGURI_AWS,-2.15,29.93,1376,2018,9,20,464.38,0,0
MUKUNGURI_AWS,-2.15,29.93,1376,2018,9,21,933.35,0,0
MUKUNGURI_AWS,-2.15,29.93,1376,2018,9,22,1131.88,0,0
MUKUNGURI_AWS,-2.15,29.93,1376,2018,9,23,205.78,0,0
MUKUNGURI_AWS,-2.15,29.93,1376,2018,9,24,624.77,0,0
MUKUNGURI_AWS,-2.15,29.93,1376,2018,9,25,446,0.09,0
MUKUNGURI_AWS,-2.15,29.93,1376,2018,9,26,82.28,0.47,0
MUKUNGURI_AWS,-2.15,29.93,1376,2018,9,27,32.84,0,0
MUKUNGURI_AWS,-2.15,29.93,1376,2018,9,28,200.63,0,0
MUKUNGURI_AWS,-2.15,29.93,1376,2018,9,29,825.51,0,0
MUKUNGURI_AWS,-2.15,29.93,1376,2018,9,30,499.89,0,0
MUKUNGURI_AWS,-2.15,29.93,1376,2018,10,1,95.48,0,0
MUKUNGURI_AWS,-2.15,29.93,1376,2018,10,2,21.9,0,0
MUKUNGURI_AWS,-2.15,29.93,1376,2018,10,3,50.45,0,0
MUKUNGURI_AWS,-2.15,29.93,1376,2018,10,4,387.56,0,0
MUKUNGURI_AWS,-2.15,29.93,1376,2018,10,5,72.68,0,0
MUKUNGURI_AWS,-2.15,29.93,1376,2018,10,6,222.18,0,0
MUKUNGURI_AWS,-2.15,29.93,1376,2018,10,7,42.93,0,0
MUKUNGURI_AWS,-2.15,29.93,1376,2018,10,8,26.99,0,0
MUKUNGURI_AWS,-2.15,29.93,1376,2018,10,9,41.8,0,0
MUKUNGURI_AWS,-2.15,29.93,1376,2018,10,10,175.04,0,0
MUKUNGURI_AWS,-2.15,29.93,1376,2018,10,11,1229.15,0,0
MUKUNGURI_AWS,-2.15,29.93,1376,2018,10,12,800.54,0,0
MUKUNGURI_AWS,-2.15,29.93,1376,2018,10,13,249.62,0,0
MUKUNGURI_AWS,-2.15,29.93,1376,2018,10,14,210.3,0,0
MUKUNGURI_AWS,-2.15,29.93,1376,2018,10,15,287.98,0,0
MUKUNGURI_AWS,-2.15,29.93,1376,2018,10,16,260.32,0,0
MUKUNGURI_AWS,-2.15,29.93,1376,2018,10,17,153.35,0,0
MUKUNGURI_AWS,-2.15,29.93,1376,2018,10,18,246.49,0,0
MUKUNGURI_AWS,-2.15,29.93,1376,2018,10,19,155.18,0,0
MUKUNGURI_AWS,-2.15,29.93,1376,2018,10,20,296.58,0,0
MUKUNGURI_AWS,-2.15,29.93,1376,2018,10,21,270.96,0,0
MUKUNGURI_AWS,-2.15,29.93,1376,2018,10,22,394.83,0,0
MUKUNGURI_AWS,-2.15,29.93,1376,2018,10,23,138.32,0,0
MUKUNGURI_AWS,-2.15,29.93,1376,2018,10,24,240.02,0,0
MUKUNGURI_AWS,-2.15,29.93,1376,2018,10,25,148.23,0,0
MUKUNGURI_AWS,-2.15,29.93,1376,2018,10,26,169.08,0,0
MUKUNGURI_AWS,-2.15,29.93,1376,2018,10,27,186.16,0,0
MUKUNGURI_AWS,-2.15,29.93,1376,2018,10,28,307.27,0,0
MUKUNGURI_AWS,-2.15,29.93,1376,2018,10,29,207.72,0,0
MUKUNGURI_AWS,-2.15,29.93,1376,2018,10,30,199.2,0,0
MUKUNGURI_AWS,-2.15,29.93,1376,2018,10,31,37.61,0,0
MUKUNGURI_AWS,-2.15,29.93,1376,2018,11,1,504.43,0,0
MUKUNGURI_AWS,-2.15,29.93,1376,2018,11,2,1116.41,0,0
MUKUNGURI_AWS,-2.15,29.93,1376,2018,11,3,1204.76,0,0
MUKUNGURI_AWS,-2.15,29.93,1376,2018,11,4,1255.72,0,0
MUKUNGURI_AWS,-2.15,29.93,1376,2018,11,5,941.1,0,0
MUKUNGURI_AWS,-2.15,29.93,1376,2018,11,6,353.71,0,0
MUKUNGURI_AWS,-2.15,29.93,1376,2018,11,7,496.9,0,0
MUKUNGURI_AWS,-2.15,29.93,1376,2018,11,8,720.23,0,0
MUKUNGURI_AWS,-2.15,29.93,1376,2018,11,9,233.28,0,0
MUKUNGURI_AWS,-2.15,29.93,1376,2018,11,10,234.04,0,0
MUKUNGURI_AWS,-2.15,29.93,1376,2018,11,11,213.66,0,0
MUKUNGURI_AWS,-2.15,29.93,1376,2018,11,12,296.43,0,0
MUKUNGURI_AWS,-2.15,29.93,1376,2018,11,13,135.51,0,0
MUKUNGURI_AWS,-2.15,29.93,1376,2018,11,14,235.24,0,0
MUKUNGURI_AWS,-2.15,29.93,1376,2018,11,19,155.07,0,0
MUKUNGURI_AWS,-2.15,29.93,1376,2018,11,20,174.68,0,0
MUKUNGURI_AWS,-2.15,29.93,1376,2018,11,21,131.48,0,0
MUKUNGURI_AWS,-2.15,29.93,1376,2018,11,22,181.36,0,0
MUKUNGURI_AWS,-2.15,29.93,1376,2018,11,23,184.79,0,0
MUKUNGURI_AWS,-2.15,29.93,1376,2018,11,24,71.53,0,0
MUKUNGURI_AWS,-2.15,29.93,1376,2018,11,25,271.98,0,0
MUKUNGURI_AWS,-2.15,29.93,1376,2018,11,26,268.15,0,0
MUKUNGURI_AWS,-2.15,29.93,1376,2018,11,27,216.12,0,0
MUKUNGURI_AWS,-2.15,29.93,1376,2018,11,28,214.59,0,0
MUKUNGURI_AWS,-2.15,29.93,1376,2018,11,29,248.08,0,0
MUKUNGURI_AWS,-2.15,29.93,1376,2018,11,30,222.47,0,0
MUKUNGURI_AWS,-2.15,29.93,1376,2018,12,1,103,0,0
MUKUNGURI_AWS,-2.15,29.93,1376,2018,12,2,279.82,0,0
MUKUNGURI_AWS,-2.15,29.93,1376,2018,12,3,157.44,0,0
MUKUNGURI_AWS,-2.15,29.93,1376,2018,12,4,151.55,0,0
MUKUNGURI_AWS,-2.15,29.93,1376,2018,12,5,133.05,0,0
MUKUNGURI_AWS,-2.15,29.93,1376,2018,12,6,258.2,0,0
MUKUNGURI_AWS,-2.15,29.93,1376,2018,12,7,227.21,0,0
MUKUNGURI_AWS,-2.15,29.93,1376,2018,12,8,80.79,0,0
MUKUNGURI_AWS,-2.15,29.93,1376,2018,12,9,90.59,0,0
MUKUNGURI_AWS,-2.15,29.93,1376,2018,12,10,115.24,0,0
MUKUNGURI_AWS,-2.15,29.93,1376,2018,12,11,113.6,0,0
MUKUNGURI_AWS,-2.15,29.93,1376,2018,12,12,236.12,0,0
MUKUNGURI_AWS,-2.15,29.93,1376,2018,12,13,134.62,0,0
MUKUNGURI_AWS,-2.15,29.93,1376,2018,12,14,284.39,0,0
MUKUNGURI_AWS,-2.15,29.93,1376,2018,12,15,170.45,0,0
MUKUNGURI_AWS,-2.15,29.93,1376,2018,12,16,201.87,0,0
MUKUNGURI_AWS,-2.15,29.93,1376,2018,12,17,281.63,0,0
MUKUNGURI_AWS,-2.15,29.93,1376,2018,12,18,258.75,0,0
MUKUNGURI_AWS,-2.15,29.93,1376,2018,12,19,209.21,0,0
MUKUNGURI_AWS,-2.15,29.93,1376,2018,12,20,190.38,0,0
MUKUNGURI_AWS,-2.15,29.93,1376,2018,12,21,247.64,0,0
MUKUNGURI_AWS,-2.15,29.93,1376,2018,12,22,177.26,0,0
MUKUNGURI_AWS,-2.15,29.93,1376,2018,12,23,174.51,0,0
MUKUNGURI_AWS,-2.15,29.93,1376,2018,12,24,151.21,0,0
MUKUNGURI_AWS,-2.15,29.93,1376,2018,12,25,178.84,0,0
MUKUNGURI_AWS,-2.15,29.93,1376,2018,12,26,273.6,0,0
MUKUNGURI_AWS,-2.15,29.93,1376,2018,12,27,253.47,0,0
MUKUNGURI_AWS,-2.15,29.93,1376,2018,12,28,176.31,0,0
MUKUNGURI_AWS,-2.15,29.93,1376,2018,12,29,347.45,0,0
MUKUNGURI_AWS,-2.15,29.93,1376,2018,12,30,583.28,0,0
MUKUNGURI_AWS,-2.15,29.93,1376,2018,12,31,497.56,0,0
